unicode,emoji,name
00A9 FE0F,©️,copyright
00AE FE0F,®️,registered
203C FE0F,‼️,double exclamation mark
2049 FE0F,⁉️,exclamation question mark
2122 FE0F,™️,trade mark
2139 FE0F,ℹ️,information
2194 FE0F,↔️,left-right arrow
2195 FE0F,↕️,up-down arrow
2196 FE0F,↖️,up-left arrow
2197 FE0F,↗️,up-right arrow
2198 FE0F,↘️,down-right arrow
2199 FE0F,↙️,down-left arrow
21A9 FE0F,↩️,right arrow curving left
21AA FE0F,↪️,left arrow curving right
231A,⌚,watch
231B,⌛,hourglass done
2328 FE0F,⌨️,keyboard
23CF FE0F,⏏️,eject button
23E9,⏩,fast-forward button
23EA,⏪,fast reverse button
23EB,⏫,fast up button
23EC,⏬,fast down button
23ED FE0F,⏭️,next track button
23EE FE0F,⏮️,last track button
23EF FE0F,⏯️,play or pause button
23F0,⏰,alarm clock
23F1 FE0F,⏱️,stopwatch
23F2 FE0F,⏲️,timer clock
23F3,⏳,hourglass not done
23F8 FE0F,⏸️,pause button
23F9 FE0F,⏹️,stop button
23FA FE0F,⏺️,record button
24C2 FE0F,Ⓜ️,circled M
25AA FE0F,▪️,black small square
25AB FE0F,▫️,white small square
25B6 FE0F,▶️,play button
25C0 FE0F,◀️,reverse button
25FB FE0F,◻️,white medium square
25FC FE0F,◼️,black medium square
25FD,◽,white medium-small square
25FE,◾,black medium-small square
2600 FE0F,☀️,sun
2601 FE0F,☁️,cloud
2602 FE0F,☂️,umbrella
2603 FE0F,☃️,snowman
2604 FE0F,☄️,comet
260E FE0F,☎️,telephone
2611 FE0F,☑️,check box with check
2614,☔,umbrella with rain drops
2615,☕,hot beverage
2618 FE0F,☘️,shamrock
261D FE0F,☝️,index pointing up
2620 FE0F,☠️,skull and crossbones
2622 FE0F,☢️,radioactive
2623 FE0F,☣️,biohazard
2626 FE0F,☦️,orthodox cross
262A FE0F,☪️,star and crescent
262E FE0F,☮️,peace symbol
262F FE0F,☯️,yin yang
2638 FE0F,☸️,wheel of dharma
2639 FE0F,☹️,frowning face
263A FE0F,☺️,smiling face
2640 FE0F,♀️,female sign
2642 FE0F,♂️,male sign
265F FE0F,♟️,chess pawn
2660 FE0F,♠️,spade suit
2663 FE0F,♣️,club suit
2665 FE0F,♥️,heart suit
2666 FE0F,♦️,diamond suit
2668 FE0F,♨️,hot springs
267B FE0F,♻️,recycling symbol
267E FE0F,♾️,infinity
267F,♿,wheelchair symbol
2692 FE0F,⚒️,hammer and pick
2693,⚓,anchor
2694 FE0F,⚔️,crossed swords
2695 FE0F,⚕️,medical symbol
2696 FE0F,⚖️,balance scale
2697 FE0F,⚗️,alembic
2699 FE0F,⚙️,gear
269B FE0F,⚛️,atom symbol
269C FE0F,⚜️,fleur-de-lis
26A0 FE0F,⚠️,warning
26A1,⚡,high voltage
26A7 FE0F,⚧️,transgender symbol
26AA,⚪,white circle
26AB,⚫,black circle
26B0 FE0F,⚰️,coffin
26B1 FE0F,⚱️,funeral urn
26BD,⚽,soccer ball
26BE,⚾,baseball
26C4,⛄,snowman without snow
26C5,⛅,sun behind cloud
26C8 FE0F,⛈️,cloud with lightning and rain
26CE,⛎,Ophiuchus
26CF FE0F,⛏️,pick
26D1 FE0F,⛑️,rescue worker’s helmet
26D3 FE0F,⛓️,chains
26D3 FE0F 200D 1F4A5,⛓️‍💥,broken chain
26D4,⛔,no entry
26E9 FE0F,⛩️,shinto shrine
26EA,⛪,church
26F0 FE0F,⛰️,mountain
26F1 FE0F,⛱️,umbrella on ground
26F2,⛲,fountain
26F3,⛳,flag in hole
26F4 FE0F,⛴️,ferry
26F5,⛵,sailboat
26F7 FE0F,⛷️,skier
26F8 FE0F,⛸️,ice skate
26F9 FE0F,⛹️,person bouncing ball
26F9 FE0F 200D 2640 FE0F,⛹️‍♀️,woman bouncing ball
26F9 FE0F 200D 2642 FE0F,⛹️‍♂️,man bouncing ball
26FA,⛺,tent
26FD,⛽,fuel pump
2702 FE0F,✂️,scissors
2705,✅,check mark button
2708 FE0F,✈️,airplane
2709 FE0F,✉️,envelope
270A,✊,raised fist
270B,✋,raised hand
270C FE0F,✌️,victory hand
270D FE0F,✍️,writing hand
270F FE0F,✏️,pencil
2712 FE0F,✒️,black nib
2714 FE0F,✔️,check mark
2716 FE0F,✖️,multiply
271D FE0F,✝️,latin cross
2721 FE0F,✡️,star of David
2728,✨,sparkles
2733 FE0F,✳️,eight-spoked asterisk
2734 FE0F,✴️,eight-pointed star
2744 FE0F,❄️,snowflake
2747 FE0F,❇️,sparkle
274C,❌,cross mark
274E,❎,cross mark button
2753,❓,red question mark
2754,❔,white question mark
2755,❕,white exclamation mark
2757,❗,red exclamation mark
2763 FE0F,❣️,heart exclamation
2764 FE0F,❤️,red heart
2764 FE0F 200D 1F525,❤️‍🔥,heart on fire
2764 FE0F 200D 1FA79,❤️‍🩹,mending heart
2795,➕,plus
2796,➖,minus
2797,➗,divide
27A1 FE0F,➡️,right arrow
27B0,➰,curly loop
27BF,➿,double curly loop
2934 FE0F,⤴️,right arrow curving up
2935 FE0F,⤵️,right arrow curving down
2B05 FE0F,⬅️,left arrow
2B06 FE0F,⬆️,up arrow
2B07 FE0F,⬇️,down arrow
2B1B,⬛,black large square
2B1C,⬜,white large square
2B50,⭐,star
2B55,⭕,hollow red circle
3030 FE0F,〰️,wavy dash
303D FE0F,〽️,part alternation mark
3297 FE0F,㊗️,Japanese “congratulations” button
3299 FE0F,㊙️,Japanese “secret” button
1F004,🀄,mahjong red dragon
1F0CF,🃏,joker
1F170 FE0F,🅰️,A button (blood type)
1F171 FE0F,🅱️,B button (blood type)
1F17E FE0F,🅾️,O button (blood type)
1F17F FE0F,🅿️,P button
1F18E,🆎,AB button (blood type)
1F191,🆑,CL button
1F192,🆒,COOL button
1F193,🆓,FREE button
1F194,🆔,ID button
1F195,🆕,NEW button
1F196,🆖,NG button
1F197,🆗,OK button
1F198,🆘,SOS button
1F199,🆙,UP! button
1F19A,🆚,VS button
1F201,🈁,Japanese “here” button
1F202 FE0F,🈂️,Japanese “service charge” button
1F21A,🈚,Japanese “free of charge” button
1F22F,🈯,Japanese “reserved” button
1F232,🈲,Japanese “prohibited” button
1F233,🈳,Japanese “vacancy” button
1F234,🈴,Japanese “passing grade” button
1F235,🈵,Japanese “no vacancy” button
1F236,🈶,Japanese “not free of charge” button
1F237 FE0F,🈷️,Japanese “monthly amount” button
1F238,🈸,Japanese “application” button
1F239,🈹,Japanese “discount” button
1F23A,🈺,Japanese “open for business” button
1F250,🉐,Japanese “bargain” button
1F251,🉑,Japanese “acceptable” button
1F300,🌀,cyclone
1F301,🌁,foggy
1F302,🌂,closed umbrella
1F303,🌃,night with stars
1F304,🌄,sunrise over mountains
1F305,🌅,sunrise
1F306,🌆,cityscape at dusk
1F307,🌇,sunset
1F308,🌈,rainbow
1F309,🌉,bridge at night
1F30A,🌊,water wave
1F30B,🌋,volcano
1F30C,🌌,milky way
1F30D,🌍,globe showing Europe-Africa
1F30E,🌎,globe showing Americas
1F30F,🌏,globe showing Asia-Australia
1F310,🌐,globe with meridians
1F311,🌑,new moon
1F312,🌒,waxing crescent moon
1F313,🌓,first quarter moon
1F314,🌔,waxing gibbous moon
1F315,🌕,full moon
1F316,🌖,waning gibbous moon
1F317,🌗,last quarter moon
1F318,🌘,waning crescent moon
1F319,🌙,crescent moon
1F31A,🌚,new moon face
1F31B,🌛,first quarter moon face
1F31C,🌜,last quarter moon face
1F31D,🌝,full moon face
1F31E,🌞,sun with face
1F31F,🌟,glowing star
1F320,🌠,shooting star
1F321 FE0F,🌡️,thermometer
1F324 FE0F,🌤️,sun behind small cloud
1F325 FE0F,🌥️,sun behind large cloud
1F326 FE0F,🌦️,sun behind rain cloud
1F327 FE0F,🌧️,cloud with rain
1F328 FE0F,🌨️,cloud with snow
1F329 FE0F,🌩️,cloud with lightning
1F32A FE0F,🌪️,tornado
1F32B FE0F,🌫️,fog
1F32C FE0F,🌬️,wind face
1F32D,🌭,hot dog
1F32E,🌮,taco
1F32F,🌯,burrito
1F330,🌰,chestnut
1F331,🌱,seedling
1F332,🌲,evergreen tree
1F333,🌳,deciduous tree
1F334,🌴,palm tree
1F335,🌵,cactus
1F336 FE0F,🌶️,hot pepper
1F337,🌷,tulip
1F338,🌸,cherry blossom
1F339,🌹,rose
1F33A,🌺,hibiscus
1F33B,🌻,sunflower
1F33C,🌼,blossom
1F33D,🌽,ear of corn
1F33E,🌾,sheaf of rice
1F33F,🌿,herb
1F340,🍀,four leaf clover
1F341,🍁,maple leaf
1F342,🍂,fallen leaf
1F343,🍃,leaf fluttering in wind
1F344,🍄,mushroom
1F344 200D 1F7EB,🍄‍🟫,brown mushroom
1F345,🍅,tomato
1F346,🍆,eggplant
1F347,🍇,grapes
1F348,🍈,melon
1F349,🍉,watermelon
1F34A,🍊,tangerine
1F34B,🍋,lemon
1F34B 200D 1F7E9,🍋‍🟩,lime
1F34C,🍌,banana
1F34D,🍍,pineapple
1F34E,🍎,red apple
1F34F,🍏,green apple
1F350,🍐,pear
1F351,🍑,peach
1F352,🍒,cherries
1F353,🍓,strawberry
1F354,🍔,hamburger
1F355,🍕,pizza
1F356,🍖,meat on bone
1F357,🍗,poultry leg
1F358,🍘,rice cracker
1F359,🍙,rice ball
1F35A,🍚,cooked rice
1F35B,🍛,curry rice
1F35C,🍜,steaming bowl
1F35D,🍝,spaghetti
1F35E,🍞,bread
1F35F,🍟,french fries
1F360,🍠,roasted sweet potato
1F361,🍡,dango
1F362,🍢,oden
1F363,🍣,sushi
1F364,🍤,fried shrimp
1F365,🍥,fish cake with swirl
1F366,🍦,soft ice cream
1F367,🍧,shaved ice
1F368,🍨,ice cream
1F369,🍩,doughnut
1F36A,🍪,cookie
1F36B,🍫,chocolate bar
1F36C,🍬,candy
1F36D,🍭,lollipop
1F36E,🍮,custard
1F36F,🍯,honey pot
1F370,🍰,shortcake
1F371,🍱,bento box
1F372,🍲,pot of food
1F373,🍳,cooking
1F374,🍴,fork and knife
1F375,🍵,teacup without handle
1F376,🍶,sake
1F377,🍷,wine glass
1F378,🍸,cocktail glass
1F379,🍹,tropical drink
1F37A,🍺,beer mug
1F37B,🍻,clinking beer mugs
1F37C,🍼,baby bottle
1F37D FE0F,🍽️,fork and knife with plate
1F37E,🍾,bottle with popping cork
1F37F,🍿,popcorn
1F380,🎀,ribbon
1F381,🎁,wrapped gift
1F382,🎂,birthday cake
1F383,🎃,jack-o-lantern
1F384,🎄,Christmas tree
1F385,🎅,Santa Claus
1F386,🎆,fireworks
1F387,🎇,sparkler
1F388,🎈,balloon
1F389,🎉,party popper
1F38A,🎊,confetti ball
1F38B,🎋,tanabata tree
1F38C,🎌,crossed flags
1F38D,🎍,pine decoration
1F38E,🎎,Japanese dolls
1F38F,🎏,carp streamer
1F390,🎐,wind chime
1F391,🎑,moon viewing ceremony
1F392,🎒,backpack
1F393,🎓,graduation cap
1F396 FE0F,🎖️,military medal
1F397 FE0F,🎗️,reminder ribbon
1F399 FE0F,🎙️,studio microphone
1F39A FE0F,🎚️,level slider
1F39B FE0F,🎛️,control knobs
1F39E FE0F,🎞️,film frames
1F39F FE0F,🎟️,admission tickets
1F3A0,🎠,carousel horse
1F3A1,🎡,ferris wheel
1F3A2,🎢,roller coaster
1F3A3,🎣,fishing pole
1F3A4,🎤,microphone
1F3A5,🎥,movie camera
1F3A6,🎦,cinema
1F3A7,🎧,headphone
1F3A8,🎨,artist palette
1F3A9,🎩,top hat
1F3AA,🎪,circus tent
1F3AB,🎫,ticket
1F3AC,🎬,clapper board
1F3AD,🎭,performing arts
1F3AE,🎮,video game
1F3AF,🎯,bullseye
1F3B0,🎰,slot machine
1F3B1,🎱,pool 8 ball
1F3B2,🎲,game die
1F3B3,🎳,bowling
1F3B4,🎴,flower playing cards
1F3B5,🎵,musical note
1F3B6,🎶,musical notes
1F3B7,🎷,saxophone
1F3B8,🎸,guitar
1F3B9,🎹,musical keyboard
1F3BA,🎺,trumpet
1F3BB,🎻,violin
1F3BC,🎼,musical score
1F3BD,🎽,running shirt
1F3BE,🎾,tennis
1F3BF,🎿,skis
1F3C0,🏀,basketball
1F3C1,🏁,chequered flag
1F3C2,🏂,snowboarder
1F3C3,🏃,person running
1F3C3 200D 2640 FE0F,🏃‍♀️,woman running
1F3C3 200D 2640 FE0F 200D 27A1 FE0F,🏃‍♀️‍➡️,woman running facing right
1F3C3 200D 2642 FE0F,🏃‍♂️,man running
1F3C3 200D 2642 FE0F 200D 27A1 FE0F,🏃‍♂️‍➡️,man running facing right
1F3C3 200D 27A1 FE0F,🏃‍➡️,person running facing right
1F3C4,🏄,person surfing
1F3C4 200D 2640 FE0F,🏄‍♀️,woman surfing
1F3C4 200D 2642 FE0F,🏄‍♂️,man surfing
1F3C5,🏅,sports medal
1F3C6,🏆,trophy
1F3C7,🏇,horse racing
1F3C8,🏈,american football
1F3C9,🏉,rugby football
1F3CA,🏊,person swimming
1F3CA 200D 2640 FE0F,🏊‍♀️,woman swimming
1F3CA 200D 2642 FE0F,🏊‍♂️,man swimming
1F3CB FE0F,🏋️,person lifting weights
1F3CB FE0F 200D 2640 FE0F,🏋️‍♀️,woman lifting weights
1F3CB FE0F 200D 2642 FE0F,🏋️‍♂️,man lifting weights
1F3CC FE0F,🏌️,person golfing
1F3CC FE0F 200D 2640 FE0F,🏌️‍♀️,woman golfing
1F3CC FE0F 200D 2642 FE0F,🏌️‍♂️,man golfing
1F3CD FE0F,🏍️,motorcycle
1F3CE FE0F,🏎️,racing car
1F3CF,🏏,cricket game
1F3D0,🏐,volleyball
1F3D1,🏑,field hockey
1F3D2,🏒,ice hockey
1F3D3,🏓,ping pong
1F3D4 FE0F,🏔️,snow-capped mountain
1F3D5 FE0F,🏕️,camping
1F3D6 FE0F,🏖️,beach with umbrella
1F3D7 FE0F,🏗️,building construction
1F3D8 FE0F,🏘️,houses
1F3D9 FE0F,🏙️,cityscape
1F3DA FE0F,🏚️,derelict house
1F3DB FE0F,🏛️,classical building
1F3DC FE0F,🏜️,desert
1F3DD FE0F,🏝️,desert island
1F3DE FE0F,🏞️,national park
1F3DF FE0F,🏟️,stadium
1F3E0,🏠,house
1F3E1,🏡,house with garden
1F3E2,🏢,office building
1F3E3,🏣,Japanese post office
1F3E4,🏤,post office
1F3E5,🏥,hospital
1F3E6,🏦,bank
1F3E7,🏧,ATM sign
1F3E8,🏨,hotel
1F3E9,🏩,love hotel
1F3EA,🏪,convenience store
1F3EB,🏫,school
1F3EC,🏬,department store
1F3ED,🏭,factory
1F3EE,🏮,red paper lantern
1F3EF,🏯,Japanese castle
1F3F0,🏰,castle
1F3F3 FE0F,🏳️,white flag
1F3F3 FE0F 200D 26A7 FE0F,🏳️‍⚧️,transgender flag
1F3F3 FE0F 200D 1F308,🏳️‍🌈,rainbow flag
1F3F4,🏴,black flag
1F3F4 200D 2620 FE0F,🏴‍☠️,pirate flag
1F3F4 E0067 E0062 E0065 E006E E0067 E007F,🏴󠁧󠁢󠁥󠁮󠁧󠁿,flag: England
1F3F4 E0067 E0062 E0073 E0063 E0074 E007F,🏴󠁧󠁢󠁳󠁣󠁴󠁿,flag: Scotland
1F3F4 E0067 E0062 E0077 E006C E0073 E007F,🏴󠁧󠁢󠁷󠁬󠁳󠁿,flag: Wales
1F3F5 FE0F,🏵️,rosette
1F3F7 FE0F,🏷️,label
1F3F8,🏸,badminton
1F3F9,🏹,bow and arrow
1F3FA,🏺,amphora
1F400,🐀,rat
1F401,🐁,mouse
1F402,🐂,ox
1F403,🐃,water buffalo
1F404,🐄,cow
1F405,🐅,tiger
1F406,🐆,leopard
1F407,🐇,rabbit
1F408,🐈,cat
1F408 200D 2B1B,🐈‍⬛,black cat
1F409,🐉,dragon
1F40A,🐊,crocodile
1F40B,🐋,whale
1F40C,🐌,snail
1F40D,🐍,snake
1F40E,🐎,horse
1F40F,🐏,ram
1F410,🐐,goat
1F411,🐑,ewe
1F412,🐒,monkey
1F413,🐓,rooster
1F414,🐔,chicken
1F415,🐕,dog
1F415 200D 1F9BA,🐕‍🦺,service dog
1F416,🐖,pig
1F417,🐗,boar
1F418,🐘,elephant
1F419,🐙,octopus
1F41A,🐚,spiral shell
1F41B,🐛,bug
1F41C,🐜,ant
1F41D,🐝,honeybee
1F41E,🐞,lady beetle
1F41F,🐟,fish
1F420,🐠,tropical fish
1F421,🐡,blowfish
1F422,🐢,turtle
1F423,🐣,hatching chick
1F424,🐤,baby chick
1F425,🐥,front-facing baby chick
1F426,🐦,bird
1F426 200D 2B1B,🐦‍⬛,black bird
1F426 200D 1F525,🐦‍🔥,phoenix
1F427,🐧,penguin
1F428,🐨,koala
1F429,🐩,poodle
1F42A,🐪,camel
1F42B,🐫,two-hump camel
1F42C,🐬,dolphin
1F42D,🐭,mouse face
1F42E,🐮,cow face
1F42F,🐯,tiger face
1F430,🐰,rabbit face
1F431,🐱,cat face
1F432,🐲,dragon face
1F433,🐳,spouting whale
1F434,🐴,horse face
1F435,🐵,monkey face
1F436,🐶,dog face
1F437,🐷,pig face
1F438,🐸,frog
1F439,🐹,hamster
1F43A,🐺,wolf
1F43B,🐻,bear
1F43B 200D 2744 FE0F,🐻‍❄️,polar bear
1F43C,🐼,panda
1F43D,🐽,pig nose
1F43E,🐾,paw prints
1F43F FE0F,🐿️,chipmunk
1F440,👀,eyes
1F441 FE0F,👁️,eye
1F441 FE0F 200D 1F5E8 FE0F,👁️‍🗨️,eye in speech bubble
1F442,👂,ear
1F443,👃,nose
1F444,👄,mouth
1F445,👅,tongue
1F446,👆,backhand index pointing up
1F447,👇,backhand index pointing down
1F448,👈,backhand index pointing left
1F449,👉,backhand index pointing right
1F44A,👊,oncoming fist
1F44B,👋,waving hand
1F44C,👌,OK hand
1F44D,👍,thumbs up
1F44E,👎,thumbs down
1F44F,👏,clapping hands
1F450,👐,open hands
1F451,👑,crown
1F452,👒,woman’s hat
1F453,👓,glasses
1F454,👔,necktie
1F455,👕,t-shirt
1F456,👖,jeans
1F457,👗,dress
1F458,👘,kimono
1F459,👙,bikini
1F45A,👚,woman’s clothes
1F45B,👛,purse
1F45C,👜,handbag
1F45D,👝,clutch bag
1F45E,👞,man’s shoe
1F45F,👟,running shoe
1F460,👠,high-heeled shoe
1F461,👡,woman’s sandal
1F462,👢,woman’s boot
1F463,👣,footprints
1F464,👤,bust in silhouette
1F465,👥,busts in silhouette
1F466,👦,boy
1F467,👧,girl
1F468,👨,man
1F468 200D 2695 FE0F,👨‍⚕️,man health worker
1F468 200D 2696 FE0F,👨‍⚖️,man judge
1F468 200D 2708 FE0F,👨‍✈️,man pilot
1F468 200D 2764 FE0F 200D 1F468,👨‍❤️‍👨,"couple with heart: man, man"
1F468 200D 2764 FE0F 200D 1F48B 200D 1F468,👨‍❤️‍💋‍👨,"kiss: man, man"
1F468 200D 1F33E,👨‍🌾,man farmer
1F468 200D 1F373,👨‍🍳,man cook
1F468 200D 1F37C,👨‍🍼,man feeding baby
1F468 200D 1F393,👨‍🎓,man student
1F468 200D 1F3A4,👨‍🎤,man singer
1F468 200D 1F3A8,👨‍🎨,man artist
1F468 200D 1F3EB,👨‍🏫,man teacher
1F468 200D 1F3ED,👨‍🏭,man factory worker
1F468 200D 1F4BB,👨‍💻,man technologist
1F468 200D 1F4BC,👨‍💼,man office worker
1F468 200D 1F527,👨‍🔧,man mechanic
1F468 200D 1F52C,👨‍🔬,man scientist
1F468 200D 1F680,👨‍🚀,man astronaut
1F468 200D 1F692,👨‍🚒,man firefighter
1F468 200D 1F9AF,👨‍🦯,man with white cane
1F468 200D 1F9AF 200D 27A1 FE0F,👨‍🦯‍➡️,man with white cane facing right
1F468 200D 1F9B0,👨‍🦰,man: red hair
1F468 200D 1F9B1,👨‍🦱,man: curly hair
1F468 200D 1F9B2,👨‍🦲,man: bald
1F468 200D 1F9B3,👨‍🦳,man: white hair
1F468 200D 1F9BC,👨‍🦼,man in motorized wheelchair
1F468 200D 1F9BC 200D 27A1 FE0F,👨‍🦼‍➡️,man in motorized wheelchair facing right
1F468 200D 1F9BD,👨‍🦽,man in manual wheelchair
1F468 200D 1F9BD 200D 27A1 FE0F,👨‍🦽‍➡️,man in manual wheelchair facing right
1F469,👩,woman
1F469 200D 2695 FE0F,👩‍⚕️,woman health worker
1F469 200D 2696 FE0F,👩‍⚖️,woman judge
1F469 200D 2708 FE0F,👩‍✈️,woman pilot
1F469 200D 2764 FE0F 200D 1F468,👩‍❤️‍👨,"couple with heart: woman, man"
1F469 200D 2764 FE0F 200D 1F469,👩‍❤️‍👩,"couple with heart: woman, woman"
1F469 200D 2764 FE0F 200D 1F48B 200D 1F468,👩‍❤️‍💋‍👨,"kiss: woman, man"
1F469 200D 2764 FE0F 200D 1F48B 200D 1F469,👩‍❤️‍💋‍👩,"kiss: woman, woman"
1F469 200D 1F33E,👩‍🌾,woman farmer
1F469 200D 1F373,👩‍🍳,woman cook
1F469 200D 1F37C,👩‍🍼,woman feeding baby
1F469 200D 1F393,👩‍🎓,woman student
1F469 200D 1F3A4,👩‍🎤,woman singer
1F469 200D 1F3A8,👩‍🎨,woman artist
1F469 200D 1F3EB,👩‍🏫,woman teacher
1F469 200D 1F3ED,👩‍🏭,woman factory worker
1F469 200D 1F4BB,👩‍💻,woman technologist
1F469 200D 1F4BC,👩‍💼,woman office worker
1F469 200D 1F527,👩‍🔧,woman mechanic
1F469 200D 1F52C,👩‍🔬,woman scientist
1F469 200D 1F680,👩‍🚀,woman astronaut
1F469 200D 1F692,👩‍🚒,woman firefighter
1F469 200D 1F9AF,👩‍🦯,woman with white cane
1F469 200D 1F9AF 200D 27A1 FE0F,👩‍🦯‍➡️,woman with white cane facing right
1F469 200D 1F9B0,👩‍🦰,woman: red hair
1F469 200D 1F9B1,👩‍🦱,woman: curly hair
1F469 200D 1F9B2,👩‍🦲,woman: bald
1F469 200D 1F9B3,👩‍🦳,woman: white hair
1F469 200D 1F9BC,👩‍🦼,woman in motorized wheelchair
1F469 200D 1F9BC 200D 27A1 FE0F,👩‍🦼‍➡️,woman in motorized wheelchair facing right
1F469 200D 1F9BD,👩‍🦽,woman in manual wheelchair
1F469 200D 1F9BD 200D 27A1 FE0F,👩‍🦽‍➡️,woman in manual wheelchair facing right
1F46A,👪,family
1F46B,👫,woman and man holding hands
1F46C,👬,men holding hands
1F46D,👭,women holding hands
1F46E,👮,police officer
1F46E 200D 2640 FE0F,👮‍♀️,woman police officer
1F46E 200D 2642 FE0F,👮‍♂️,man police officer
1F46F,👯,people with bunny ears
1F46F 200D 2640 FE0F,👯‍♀️,women with bunny ears
1F46F 200D 2642 FE0F,👯‍♂️,men with bunny ears
1F470,👰,person with veil
1F470 200D 2640 FE0F,👰‍♀️,woman with veil
1F470 200D 2642 FE0F,👰‍♂️,man with veil
1F471,👱,person: blond hair
1F471 200D 2640 FE0F,👱‍♀️,woman: blond hair
1F471 200D 2642 FE0F,👱‍♂️,man: blond hair
1F472,👲,person with skullcap
1F473,👳,person wearing turban
1F473 200D 2640 FE0F,👳‍♀️,woman wearing turban
1F473 200D 2642 FE0F,👳‍♂️,man wearing turban
1F474,👴,old man
1F475,👵,old woman
1F476,👶,baby
1F477,👷,construction worker
1F477 200D 2640 FE0F,👷‍♀️,woman construction worker
1F477 200D 2642 FE0F,👷‍♂️,man construction worker
1F478,👸,princess
1F479,👹,ogre
1F47A,👺,goblin
1F47B,👻,ghost
1F47C,👼,baby angel
1F47D,👽,alien
1F47E,👾,alien monster
1F47F,👿,angry face with horns
1F480,💀,skull
1F481,💁,person tipping hand
1F481 200D 2640 FE0F,💁‍♀️,woman tipping hand
1F481 200D 2642 FE0F,💁‍♂️,man tipping hand
1F482,💂,guard
1F482 200D 2640 FE0F,💂‍♀️,woman guard
1F482 200D 2642 FE0F,💂‍♂️,man guard
1F483,💃,woman dancing
1F484,💄,lipstick
1F485,💅,nail polish
1F486,💆,person getting massage
1F486 200D 2640 FE0F,💆‍♀️,woman getting massage
1F486 200D 2642 FE0F,💆‍♂️,man getting massage
1F487,💇,person getting haircut
1F487 200D 2640 FE0F,💇‍♀️,woman getting haircut
1F487 200D 2642 FE0F,💇‍♂️,man getting haircut
1F488,💈,barber pole
1F489,💉,syringe
1F48A,💊,pill
1F48B,💋,kiss mark
1F48C,💌,love letter
1F48D,💍,ring
1F48E,💎,gem stone
1F48F,💏,kiss
1F490,💐,bouquet
1F491,💑,couple with heart
1F492,💒,wedding
1F493,💓,beating heart
1F494,💔,broken heart
1F495,💕,two hearts
1F496,💖,sparkling heart
1F497,💗,growing heart
1F498,💘,heart with arrow
1F499,💙,blue heart
1F49A,💚,green heart
1F49B,💛,yellow heart
1F49C,💜,purple heart
1F49D,💝,heart with ribbon
1F49E,💞,revolving hearts
1F49F,💟,heart decoration
1F4A0,💠,diamond with a dot
1F4A1,💡,light bulb
1F4A2,💢,anger symbol
1F4A3,💣,bomb
1F4A4,💤,ZZZ
1F4A5,💥,collision
1F4A6,💦,sweat droplets
1F4A7,💧,droplet
1F4A8,💨,dashing away
1F4A9,💩,pile of poo
1F4AA,💪,flexed biceps
1F4AB,💫,dizzy
1F4AC,💬,speech balloon
1F4AD,💭,thought balloon
1F4AE,💮,white flower
1F4AF,💯,hundred points
1F4B0,💰,money bag
1F4B1,💱,currency exchange
1F4B2,💲,heavy dollar sign
1F4B3,💳,credit card
1F4B4,💴,yen banknote
1F4B5,💵,dollar banknote
1F4B6,💶,euro banknote
1F4B7,💷,pound banknote
1F4B8,💸,money with wings
1F4B9,💹,chart increasing with yen
1F4BA,💺,seat
1F4BB,💻,laptop
1F4BC,💼,briefcase
1F4BD,💽,computer disk
1F4BE,💾,floppy disk
1F4BF,💿,optical disk
1F4C0,📀,dvd
1F4C1,📁,file folder
1F4C2,📂,open file folder
1F4C3,📃,page with curl
1F4C4,📄,page facing up
1F4C5,📅,calendar
1F4C6,📆,tear-off calendar
1F4C7,📇,card index
1F4C8,📈,chart increasing
1F4C9,📉,chart decreasing
1F4CA,📊,bar chart
1F4CB,📋,clipboard
1F4CC,📌,pushpin
1F4CD,📍,round pushpin
1F4CE,📎,paperclip
1F4CF,📏,straight ruler
1F4D0,📐,triangular ruler
1F4D1,📑,bookmark tabs
1F4D2,📒,ledger
1F4D3,📓,notebook
1F4D4,📔,notebook with decorative cover
1F4D5,📕,closed book
1F4D6,📖,open book
1F4D7,📗,green book
1F4D8,📘,blue book
1F4D9,📙,orange book
1F4DA,📚,books
1F4DB,📛,name badge
1F4DC,📜,scroll
1F4DD,📝,memo
1F4DE,📞,telephone receiver
1F4DF,📟,pager
1F4E0,📠,fax machine
1F4E1,📡,satellite antenna
1F4E2,📢,loudspeaker
1F4E3,📣,megaphone
1F4E4,📤,outbox tray
1F4E5,📥,inbox tray
1F4E6,📦,package
1F4E7,📧,e-mail
1F4E8,📨,incoming envelope
1F4E9,📩,envelope with arrow
1F4EA,📪,closed mailbox with lowered flag
1F4EB,📫,closed mailbox with raised flag
1F4EC,📬,open mailbox with raised flag
1F4ED,📭,open mailbox with lowered flag
1F4EE,📮,postbox
1F4EF,📯,postal horn
1F4F0,📰,newspaper
1F4F1,📱,mobile phone
1F4F2,📲,mobile phone with arrow
1F4F3,📳,vibration mode
1F4F4,📴,mobile phone off
1F4F5,📵,no mobile phones
1F4F6,📶,antenna bars
1F4F7,📷,camera
1F4F8,📸,camera with flash
1F4F9,📹,video camera
1F4FA,📺,television
1F4FB,📻,radio
1F4FC,📼,videocassette
1F4FD FE0F,📽️,film projector
1F4FF,📿,prayer beads
1F500,🔀,shuffle tracks button
1F501,🔁,repeat button
1F502,🔂,repeat single button
1F503,🔃,clockwise vertical arrows
1F504,🔄,counterclockwise arrows button
1F505,🔅,dim button
1F506,🔆,bright button
1F507,🔇,muted speaker
1F508,🔈,speaker low volume
1F509,🔉,speaker medium volume
1F50A,🔊,speaker high volume
1F50B,🔋,battery
1F50C,🔌,electric plug
1F50D,🔍,magnifying glass tilted left
1F50E,🔎,magnifying glass tilted right
1F50F,🔏,locked with pen
1F510,🔐,locked with key
1F511,🔑,key
1F512,🔒,locked
1F513,🔓,unlocked
1F514,🔔,bell
1F515,🔕,bell with slash
1F516,🔖,bookmark
1F517,🔗,link
1F518,🔘,radio button
1F519,🔙,BACK arrow
1F51A,🔚,END arrow
1F51B,🔛,ON! arrow
1F51C,🔜,SOON arrow
1F51D,🔝,TOP arrow
1F51E,🔞,no one under eighteen
1F525,🔥,fire
1F526,🔦,flashlight
1F527,🔧,wrench
1F528,🔨,hammer
1F529,🔩,nut and bolt
1F52A,🔪,kitchen knife
1F52B,🔫,water pistol
1F52C,🔬,microscope
1F52D,🔭,telescope
1F52E,🔮,crystal ball
1F52F,🔯,dotted six-pointed star
1F530,🔰,Japanese symbol for beginner
1F531,🔱,trident emblem
1F532,🔲,black square button
1F533,🔳,white square button
1F534,🔴,red circle
1F535,🔵,blue circle
1F536,🔶,large orange diamond
1F537,🔷,large blue diamond
1F538,🔸,small orange diamond
1F539,🔹,small blue diamond
1F53A,🔺,red triangle pointed up
1F53B,🔻,red triangle pointed down
1F53C,🔼,upwards button
1F53D,🔽,downwards button
1F549 FE0F,🕉️,om
1F54A FE0F,🕊️,dove
1F54B,🕋,kaaba
1F54C,🕌,mosque
1F54D,🕍,synagogue
1F54E,🕎,menorah
1F56F FE0F,🕯️,candle
1F570 FE0F,🕰️,mantelpiece clock
1F573 FE0F,🕳️,hole
1F574 FE0F,🕴️,person in suit levitating
1F575 FE0F,🕵️,detective
1F575 FE0F 200D 2640 FE0F,🕵️‍♀️,woman detective
1F575 FE0F 200D 2642 FE0F,🕵️‍♂️,man detective
1F576 FE0F,🕶️,sunglasses
1F577 FE0F,🕷️,spider
1F578 FE0F,🕸️,spider web
1F579 FE0F,🕹️,joystick
1F57A,🕺,man dancing
1F587 FE0F,🖇️,linked paperclips
1F58A FE0F,🖊️,pen
1F58B FE0F,🖋️,fountain pen
1F58C FE0F,🖌️,paintbrush
1F58D FE0F,🖍️,crayon
1F590 FE0F,🖐️,hand with fingers splayed
1F595,🖕,middle finger
1F596,🖖,vulcan salute
1F5A4,🖤,black heart
1F5A5 FE0F,🖥️,desktop computer
1F5A8 FE0F,🖨️,printer
1F5B1 FE0F,🖱️,computer mouse
1F5B2 FE0F,🖲️,trackball
1F5BC FE0F,🖼️,framed picture
1F5C2 FE0F,🗂️,card index dividers
1F5C3 FE0F,🗃️,card file box
1F5C4 FE0F,🗄️,file cabinet
1F5D1 FE0F,🗑️,wastebasket
1F5D2 FE0F,🗒️,spiral notepad
1F5D3 FE0F,🗓️,spiral calendar
1F5DC FE0F,🗜️,clamp
1F5DD FE0F,🗝️,old key
1F5DE FE0F,🗞️,rolled-up newspaper
1F5E1 FE0F,🗡️,dagger
1F5E3 FE0F,🗣️,speaking head
1F5E8 FE0F,🗨️,left speech bubble
1F5EF FE0F,🗯️,right anger bubble
1F5F3 FE0F,🗳️,ballot box with ballot
1F5FA FE0F,🗺️,world map
1F5FB,🗻,mount fuji
1F5FC,🗼,Tokyo tower
1F5FD,🗽,Statue of Liberty
1F5FE,🗾,map of Japan
1F5FF,🗿,moai
1F600,😀,grinning face
1F601,😁,beaming face with smiling eyes
1F602,😂,face with tears of joy
1F603,😃,grinning face with big eyes
1F604,😄,grinning face with smiling eyes
1F605,😅,grinning face with sweat
1F606,😆,grinning squinting face
1F607,😇,smiling face with halo
1F608,😈,smiling face with horns
1F609,😉,winking face
1F60A,😊,smiling face with smiling eyes
1F60B,😋,face savoring food
1F60C,😌,relieved face
1F60D,😍,smiling face with heart-eyes
1F60E,😎,smiling face with sunglasses
1F60F,😏,smirking face
1F610,😐,neutral face
1F611,😑,expressionless face
1F612,😒,unamused face
1F613,😓,downcast face with sweat
1F614,😔,pensive face
1F615,😕,confused face
1F616,😖,confounded face
1F617,😗,kissing face
1F618,😘,face blowing a kiss
1F619,😙,kissing face with smiling eyes
1F61A,😚,kissing face with closed eyes
1F61B,😛,face with tongue
1F61C,😜,winking face with tongue
1F61D,😝,squinting face with tongue
1F61E,😞,disappointed face
1F61F,😟,worried face
1F620,😠,angry face
1F621,😡,enraged face
1F622,😢,crying face
1F623,😣,persevering face
1F624,😤,face with steam from nose
1F625,😥,sad but relieved face
1F626,😦,frowning face with open mouth
1F627,😧,anguished face
1F628,😨,fearful face
1F629,😩,weary face
1F62A,😪,sleepy face
1F62B,😫,tired face
1F62C,😬,grimacing face
1F62D,😭,loudly crying face
1F62E,😮,face with open mouth
1F62E 200D 1F4A8,😮‍💨,face exhaling
1F62F,😯,hushed face
1F630,😰,anxious face with sweat
1F631,😱,face screaming in fear
1F632,😲,astonished face
1F633,😳,flushed face
1F634,😴,sleeping face
1F635,😵,face with crossed-out eyes
1F635 200D 1F4AB,😵‍💫,face with spiral eyes
1F636,😶,face without mouth
1F636 200D 1F32B FE0F,😶‍🌫️,face in clouds
1F637,😷,face with medical mask
1F638,😸,grinning cat with smiling eyes
1F639,😹,cat with tears of joy
1F63A,😺,grinning cat
1F63B,😻,smiling cat with heart-eyes
1F63C,😼,cat with wry smile
1F63D,😽,kissing cat
1F63E,😾,pouting cat
1F63F,😿,crying cat
1F640,🙀,weary cat
1F641,🙁,slightly frowning face
1F642,🙂,slightly smiling face
1F642 200D 2194 FE0F,🙂‍↔️,head shaking horizontally
1F642 200D 2195 FE0F,🙂‍↕️,head shaking vertically
1F643,🙃,upside-down face
1F644,🙄,face with rolling eyes
1F645,🙅,person gesturing NO
1F645 200D 2640 FE0F,🙅‍♀️,woman gesturing NO
1F645 200D 2642 FE0F,🙅‍♂️,man gesturing NO
1F646,🙆,person gesturing OK
1F646 200D 2640 FE0F,🙆‍♀️,woman gesturing OK
1F646 200D 2642 FE0F,🙆‍♂️,man gesturing OK
1F647,🙇,person bowing
1F647 200D 2640 FE0F,🙇‍♀️,woman bowing
1F647 200D 2642 FE0F,🙇‍♂️,man bowing
1F648,🙈,see-no-evil monkey
1F649,🙉,hear-no-evil monkey
1F64A,🙊,speak-no-evil monkey
1F64B,🙋,person raising hand
1F64B 200D 2640 FE0F,🙋‍♀️,woman raising hand
1F64B 200D 2642 FE0F,🙋‍♂️,man raising hand
1F64C,🙌,raising hands
1F64D,🙍,person frowning
1F64D 200D 2640 FE0F,🙍‍♀️,woman frowning
1F64D 200D 2642 FE0F,🙍‍♂️,man frowning
1F64E,🙎,person pouting
1F64E 200D 2640 FE0F,🙎‍♀️,woman pouting
1F64E 200D 2642 FE0F,🙎‍♂️,man pouting
1F64F,🙏,folded hands
1F680,🚀,rocket
1F681,🚁,helicopter
1F682,🚂,locomotive
1F683,🚃,railway car
1F684,🚄,high-speed train
1F685,🚅,bullet train
1F686,🚆,train
1F687,🚇,metro
1F688,🚈,light rail
1F689,🚉,station
1F68A,🚊,tram
1F68B,🚋,tram car
1F68C,🚌,bus
1F68D,🚍,oncoming bus
1F68E,🚎,trolleybus
1F68F,🚏,bus stop
1F690,🚐,minibus
1F691,🚑,ambulance
1F692,🚒,fire engine
1F693,🚓,police car
1F694,🚔,oncoming police car
1F695,🚕,taxi
1F696,🚖,oncoming taxi
1F697,🚗,automobile
1F698,🚘,oncoming automobile
1F699,🚙,sport utility vehicle
1F69A,🚚,delivery truck
1F69B,🚛,articulated lorry
1F69C,🚜,tractor
1F69D,🚝,monorail
1F69E,🚞,mountain railway
1F69F,🚟,suspension railway
1F6A0,🚠,mountain cableway
1F6A1,🚡,aerial tramway
1F6A2,🚢,ship
1F6A3,🚣,person rowing boat
1F6A3 200D 2640 FE0F,🚣‍♀️,woman rowing boat
1F6A3 200D 2642 FE0F,🚣‍♂️,man rowing boat
1F6A4,🚤,speedboat
1F6A5,🚥,horizontal traffic light
1F6A6,🚦,vertical traffic light
1F6A7,🚧,construction
1F6A8,🚨,police car light
1F6A9,🚩,triangular flag
1F6AA,🚪,door
1F6AB,🚫,prohibited
1F6AC,🚬,cigarette
1F6AD,🚭,no smoking
1F6AE,🚮,litter in bin sign
1F6AF,🚯,no littering
1F6B0,🚰,potable water
1F6B1,🚱,non-potable water
1F6B2,🚲,bicycle
1F6B3,🚳,no bicycles
1F6B4,🚴,person biking
1F6B4 200D 2640 FE0F,🚴‍♀️,woman biking
1F6B4 200D 2642 FE0F,🚴‍♂️,man biking
1F6B5,🚵,person mountain biking
1F6B5 200D 2640 FE0F,🚵‍♀️,woman mountain biking
1F6B5 200D 2642 FE0F,🚵‍♂️,man mountain biking
1F6B6,🚶,person walking
1F6B6 200D 2640 FE0F,🚶‍♀️,woman walking
1F6B6 200D 2640 FE0F 200D 27A1 FE0F,🚶‍♀️‍➡️,woman walking facing right
1F6B6 200D 2642 FE0F,🚶‍♂️,man walking
1F6B6 200D 2642 FE0F 200D 27A1 FE0F,🚶‍♂️‍➡️,man walking facing right
1F6B6 200D 27A1 FE0F,🚶‍➡️,person walking facing right
1F6B7,🚷,no pedestrians
1F6B8,🚸,children crossing
1F6B9,🚹,men’s room
1F6BA,🚺,women’s room
1F6BB,🚻,restroom
1F6BC,🚼,baby symbol
1F6BD,🚽,toilet
1F6BE,🚾,water closet
1F6BF,🚿,shower
1F6C0,🛀,person taking bath
1F6C1,🛁,bathtub
1F6C2,🛂,passport control
1F6C3,🛃,customs
1F6C4,🛄,baggage claim
1F6C5,🛅,left luggage
1F6CB FE0F,🛋️,couch and lamp
1F6CC,🛌,person in bed
1F6CD FE0F,🛍️,shopping bags
1F6CE FE0F,🛎️,bellhop bell
1F6CF FE0F,🛏️,bed
1F6D0,🛐,place of worship
1F6D1,🛑,stop sign
1F6D2,🛒,shopping cart
1F6D5,🛕,hindu temple
1F6D6,🛖,hut
1F6D7,🛗,elevator
1F6D8,🛘,landslide
1F6D9,🛙,lighthouse
1F6DC,🛜,wireless
1F6DD,🛝,playground slide
1F6DE,🛞,wheel
1F6DF,🛟,ring buoy
1F6E0 FE0F,🛠️,hammer and wrench
1F6E1 FE0F,🛡️,shield
1F6E2 FE0F,🛢️,oil drum
1F6E3 FE0F,🛣️,motorway
1F6E4 FE0F,🛤️,railway track
1F6E5 FE0F,🛥️,motor boat
1F6E9 FE0F,🛩️,small airplane
1F6EB,🛫,airplane departure
1F6EC,🛬,airplane arrival
1F6F0 FE0F,🛰️,satellite
1F6F3 FE0F,🛳️,passenger ship
1F6F4,🛴,kick scooter
1F6F5,🛵,motor scooter
1F6F6,🛶,canoe
1F6F7,🛷,sled
1F6F8,🛸,flying saucer
1F6F9,🛹,skateboard
1F6FA,🛺,auto rickshaw
1F6FB,🛻,pickup truck
1F6FC,🛼,roller skate
1F7E0,🟠,orange circle
1F7E1,🟡,yellow circle
1F7E2,🟢,green circle
1F7E3,🟣,purple circle
1F7E4,🟤,brown circle
1F7E5,🟥,red square
1F7E6,🟦,blue square
1F7E7,🟧,orange square
1F7E8,🟨,yellow square
1F7E9,🟩,green square
1F7EA,🟪,purple square
1F7EB,🟫,brown square
1F7F0,🟰,heavy equals sign
1F90C,🤌,pinched fingers
1F90D,🤍,white heart
1F90E,🤎,brown heart
1F90F,🤏,pinching hand
1F910,🤐,zipper-mouth face
1F911,🤑,money-mouth face
1F912,🤒,face with thermometer
1F913,🤓,nerd face
1F914,🤔,thinking face
1F915,🤕,face with head-bandage
1F916,🤖,robot
1F917,🤗,smiling face with open hands
1F918,🤘,sign of the horns
1F919,🤙,call me hand
1F91A,🤚,raised back of hand
1F91B,🤛,left-facing fist
1F91C,🤜,right-facing fist
1F91D,🤝,handshake
1F91E,🤞,crossed fingers
1F91F,🤟,love-you gesture
1F920,🤠,cowboy hat face
1F921,🤡,clown face
1F922,🤢,nauseated face
1F923,🤣,rolling on the floor laughing
1F924,🤤,drooling face
1F925,🤥,lying face
1F926,🤦,person facepalming
1F926 200D 2640 FE0F,🤦‍♀️,woman facepalming
1F926 200D 2642 FE0F,🤦‍♂️,man facepalming
1F927,🤧,sneezing face
1F928,🤨,face with raised eyebrow
1F929,🤩,star-struck
1F92A,🤪,zany face
1F92B,🤫,shushing face
1F92C,🤬,face with symbols on mouth
1F92D,🤭,face with hand over mouth
1F92E,🤮,face vomiting
1F92F,🤯,exploding head
1F930,🤰,pregnant woman
1F931,🤱,breast-feeding
1F932,🤲,palms up together
1F933,🤳,selfie
1F934,🤴,prince
1F935,🤵,person in tuxedo
1F935 200D 2640 FE0F,🤵‍♀️,woman in tuxedo
1F935 200D 2642 FE0F,🤵‍♂️,man in tuxedo
1F936,🤶,Mrs. Claus
1F937,🤷,person shrugging
1F937 200D 2640 FE0F,🤷‍♀️,woman shrugging
1F937 200D 2642 FE0F,🤷‍♂️,man shrugging
1F938,🤸,person cartwheeling
1F938 200D 2640 FE0F,🤸‍♀️,woman cartwheeling
1F938 200D 2642 FE0F,🤸‍♂️,man cartwheeling
1F939,🤹,person juggling
1F939 200D 2640 FE0F,🤹‍♀️,woman juggling
1F939 200D 2642 FE0F,🤹‍♂️,man juggling
1F93A,🤺,person fencing
1F93C,🤼,people wrestling
1F93C 200D 2640 FE0F,🤼‍♀️,women wrestling
1F93C 200D 2642 FE0F,🤼‍♂️,men wrestling
1F93D,🤽,person playing water polo
1F93D 200D 2640 FE0F,🤽‍♀️,woman playing water polo
1F93D 200D 2642 FE0F,🤽‍♂️,man playing water polo
1F93E,🤾,person playing handball
1F93E 200D 2640 FE0F,🤾‍♀️,woman playing handball
1F93E 200D 2642 FE0F,🤾‍♂️,man playing handball
1F93F,🤿,diving mask
1F940,🥀,wilted flower
1F941,🥁,drum
1F942,🥂,clinking glasses
1F943,🥃,tumbler glass
1F944,🥄,spoon
1F945,🥅,goal net
1F947,🥇,1st place medal
1F948,🥈,2nd place medal
1F949,🥉,3rd place medal
1F94A,🥊,boxing glove
1F94B,🥋,martial arts uniform
1F94C,🥌,curling stone
1F94D,🥍,lacrosse
1F94E,🥎,softball
1F94F,🥏,flying disc
1F950,🥐,croissant
1F951,🥑,avocado
1F952,🥒,cucumber
1F953,🥓,bacon
1F954,🥔,potato
1F955,🥕,carrot
1F956,🥖,baguette bread
1F957,🥗,green salad
1F958,🥘,shallow pan of food
1F959,🥙,stuffed flatbread
1F95A,🥚,egg
1F95B,🥛,glass of milk
1F95C,🥜,peanuts
1F95D,🥝,kiwi fruit
1F95E,🥞,pancakes
1F95F,🥟,dumpling
1F960,🥠,fortune cookie
1F961,🥡,takeout box
1F962,🥢,chopsticks
1F963,🥣,bowl with spoon
1F964,🥤,cup with straw
1F965,🥥,coconut
1F966,🥦,broccoli
1F967,🥧,pie
1F968,🥨,pretzel
1F969,🥩,cut of meat
1F96A,🥪,sandwich
1F96B,🥫,canned food
1F96C,🥬,leafy green
1F96D,🥭,mango
1F96E,🥮,moon cake
1F96F,🥯,bagel
1F970,🥰,smiling face with hearts
1F971,🥱,yawning face
1F972,🥲,smiling face with tear
1F973,🥳,partying face
1F974,🥴,woozy face
1F975,🥵,hot face
1F976,🥶,cold face
1F977,🥷,ninja
1F978,🥸,disguised face
1F979,🥹,face holding back tears
1F97A,🥺,pleading face
1F97B,🥻,sari
1F97C,🥼,lab coat
1F97D,🥽,goggles
1F97E,🥾,hiking boot
1F97F,🥿,flat shoe
1F980,🦀,crab
1F981,🦁,lion
1F982,🦂,scorpion
1F983,🦃,turkey
1F984,🦄,unicorn
1F985,🦅,eagle
1F986,🦆,duck
1F987,🦇,bat
1F988,🦈,shark
1F989,🦉,owl
1F98A,🦊,fox
1F98B,🦋,butterfly
1F98C,🦌,deer
1F98D,🦍,gorilla
1F98E,🦎,lizard
1F98F,🦏,rhinoceros
1F990,🦐,shrimp
1F991,🦑,squid
1F992,🦒,giraffe
1F993,🦓,zebra
1F994,🦔,hedgehog
1F995,🦕,sauropod
1F996,🦖,T-Rex
1F997,🦗,cricket
1F998,🦘,kangaroo
1F999,🦙,llama
1F99A,🦚,peacock
1F99B,🦛,hippopotamus
1F99C,🦜,parrot
1F99D,🦝,raccoon
1F99E,🦞,lobster
1F99F,🦟,mosquito
1F9A0,🦠,microbe
1F9A1,🦡,badger
1F9A2,🦢,swan
1F9A3,🦣,mammoth
1F9A4,🦤,dodo
1F9A5,🦥,sloth
1F9A6,🦦,otter
1F9A7,🦧,orangutan
1F9A8,🦨,skunk
1F9A9,🦩,flamingo
1F9AA,🦪,oyster
1F9AB,🦫,beaver
1F9AC,🦬,bison
1F9AD,🦭,seal
1F9AE,🦮,guide dog
1F9AF,🦯,white cane
1F9B4,🦴,bone
1F9B5,🦵,leg
1F9B6,🦶,foot
1F9B7,🦷,tooth
1F9B8,🦸,superhero
1F9B8 200D 2640 FE0F,🦸‍♀️,woman superhero
1F9B8 200D 2642 FE0F,🦸‍♂️,man superhero
1F9B9,🦹,supervillain
1F9B9 200D 2640 FE0F,🦹‍♀️,woman supervillain
1F9B9 200D 2642 FE0F,🦹‍♂️,man supervillain
1F9BA,🦺,safety vest
1F9BB,🦻,ear with hearing aid
1F9BC,🦼,motorized wheelchair
1F9BD,🦽,manual wheelchair
1F9BE,🦾,mechanical arm
1F9BF,🦿,mechanical leg
1F9C0,🧀,cheese wedge
1F9C1,🧁,cupcake
1F9C2,🧂,salt
1F9C3,🧃,beverage box
1F9C4,🧄,garlic
1F9C5,🧅,onion
1F9C6,🧆,falafel
1F9C7,🧇,waffle
1F9C8,🧈,butter
1F9C9,🧉,mate
1F9CA,🧊,ice
1F9CB,🧋,bubble tea
1F9CC,🧌,troll
1F9CD,🧍,person standing
1F9CD 200D 2640 FE0F,🧍‍♀️,woman standing
1F9CD 200D 2642 FE0F,🧍‍♂️,man standing
1F9CE,🧎,person kneeling
1F9CE 200D 2640 FE0F,🧎‍♀️,woman kneeling
1F9CE 200D 2640 FE0F 200D 27A1 FE0F,🧎‍♀️‍➡️,woman kneeling facing right
1F9CE 200D 2642 FE0F,🧎‍♂️,man kneeling
1F9CE 200D 2642 FE0F 200D 27A1 FE0F,🧎‍♂️‍➡️,man kneeling facing right
1F9CE 200D 27A1 FE0F,🧎‍➡️,person kneeling facing right
1F9CF,🧏,deaf person
1F9CF 200D 2640 FE0F,🧏‍♀️,deaf woman
1F9CF 200D 2642 FE0F,🧏‍♂️,deaf man
1F9D0,🧐,face with monocle
1F9D1,🧑,person
1F9D1 200D 2695 FE0F,🧑‍⚕️,health worker
1F9D1 200D 2696 FE0F,🧑‍⚖️,judge
1F9D1 200D 2708 FE0F,🧑‍✈️,pilot
1F9D1 200D 1F33E,🧑‍🌾,farmer
1F9D1 200D 1F373,🧑‍🍳,cook
1F9D1 200D 1F37C,🧑‍🍼,person feeding baby
1F9D1 200D 1F384,🧑‍🎄,Mx Claus
1F9D1 200D 1F393,🧑‍🎓,student
1F9D1 200D 1F3A4,🧑‍🎤,singer
1F9D1 200D 1F3A8,🧑‍🎨,artist
1F9D1 200D 1F3EB,🧑‍🏫,teacher
1F9D1 200D 1F3ED,🧑‍🏭,factory worker
1F9D1 200D 1F4BB,🧑‍💻,technologist
1F9D1 200D 1F4BC,🧑‍💼,office worker
1F9D1 200D 1F527,🧑‍🔧,mechanic
1F9D1 200D 1F52C,🧑‍🔬,scientist
1F9D1 200D 1F680,🧑‍🚀,astronaut
1F9D1 200D 1F692,🧑‍🚒,firefighter
1F9D1 200D 1F91D 200D 1F9D1,🧑‍🤝‍🧑,people holding hands
1F9D1 200D 1F9AF,🧑‍🦯,person with white cane
1F9D1 200D 1F9AF 200D 27A1 FE0F,🧑‍🦯‍➡️,person with white cane facing right
1F9D1 200D 1F9B0,🧑‍🦰,person: red hair
1F9D1 200D 1F9B1,🧑‍🦱,person: curly hair
1F9D1 200D 1F9B2,🧑‍🦲,person: bald
1F9D1 200D 1F9B3,🧑‍🦳,person: white hair
1F9D1 200D 1F9BC,🧑‍🦼,person in motorized wheelchair
1F9D1 200D 1F9BC 200D 27A1 FE0F,🧑‍🦼‍➡️,person in motorized wheelchair facing right
1F9D1 200D 1F9BD,🧑‍🦽,person in manual wheelchair
1F9D1 200D 1F9BD 200D 27A1 FE0F,🧑‍🦽‍➡️,person in manual wheelchair facing right
1F9D1 200D 1F9D1 200D 1F9D2,🧑‍🧑‍🧒,"family: adult, adult, child"
1F9D1 200D 1F9D1 200D 1F9D2 200D 1F9D2,🧑‍🧑‍🧒‍🧒,"family: adult, adult, child, child"
1F9D1 200D 1F9D2,🧑‍🧒,"family: adult, child"
1F9D1 200D 1F9D2 200D 1F9D2,🧑‍🧒‍🧒,"family: adult, child, child"
1F9D1 200D 1FA70,🧑‍🩰,ballet dancer
1F9D2,🧒,child
1F9D3,🧓,older person
1F9D4,🧔,person: beard
1F9D4 200D 2640 FE0F,🧔‍♀️,woman: beard
1F9D4 200D 2642 FE0F,🧔‍♂️,man: beard
1F9D5,🧕,woman with headscarf
1F9D6,🧖,person in steamy room
1F9D6 200D 2640 FE0F,🧖‍♀️,woman in steamy room
1F9D6 200D 2642 FE0F,🧖‍♂️,man in steamy room
1F9D7,🧗,person climbing
1F9D7 200D 2640 FE0F,🧗‍♀️,woman climbing
1F9D7 200D 2642 FE0F,🧗‍♂️,man climbing
1F9D8,🧘,person in lotus position
1F9D8 200D 2640 FE0F,🧘‍♀️,woman in lotus position
1F9D8 200D 2642 FE0F,🧘‍♂️,man in lotus position
1F9D9,🧙,mage
1F9D9 200D 2640 FE0F,🧙‍♀️,woman mage
1F9D9 200D 2642 FE0F,🧙‍♂️,man mage
1F9DA,🧚,fairy
1F9DA 200D 2640 FE0F,🧚‍♀️,woman fairy
1F9DA 200D 2642 FE0F,🧚‍♂️,man fairy
1F9DB,🧛,vampire
1F9DB 200D 2640 FE0F,🧛‍♀️,woman vampire
1F9DB 200D 2642 FE0F,🧛‍♂️,man vampire
1F9DC,🧜,merperson
1F9DC 200D 2640 FE0F,🧜‍♀️,mermaid
1F9DC 200D 2642 FE0F,🧜‍♂️,merman
1F9DD,🧝,elf
1F9DD 200D 2640 FE0F,🧝‍♀️,woman elf
1F9DD 200D 2642 FE0F,🧝‍♂️,man elf
1F9DE,🧞,genie
1F9DE 200D 2640 FE0F,🧞‍♀️,woman genie
1F9DE 200D 2642 FE0F,🧞‍♂️,man genie
1F9DF,🧟,zombie
1F9DF 200D 2640 FE0F,🧟‍♀️,woman zombie
1F9DF 200D 2642 FE0F,🧟‍♂️,man zombie
1F9E0,🧠,brain
1F9E1,🧡,orange heart
1F9E2,🧢,billed cap
1F9E3,🧣,scarf
1F9E4,🧤,gloves
1F9E5,🧥,coat
1F9E6,🧦,socks
1F9E7,🧧,red envelope
1F9E8,🧨,firecracker
1F9E9,🧩,puzzle piece
1F9EA,🧪,test tube
1F9EB,🧫,petri dish
1F9EC,🧬,dna
1F9ED,🧭,compass
1F9EE,🧮,abacus
1F9EF,🧯,fire extinguisher
1F9F0,🧰,toolbox
1F9F1,🧱,brick
1F9F2,🧲,magnet
1F9F3,🧳,luggage
1F9F4,🧴,lotion bottle
1F9F5,🧵,thread
1F9F6,🧶,yarn
1F9F7,🧷,safety pin
1F9F8,🧸,teddy bear
1F9F9,🧹,broom
1F9FA,🧺,basket
1F9FB,🧻,roll of paper
1F9FC,🧼,soap
1F9FD,🧽,sponge
1F9FE,🧾,receipt
1F9FF,🧿,nazar amulet
1FA70,🩰,ballet shoes
1FA71,🩱,one-piece swimsuit
1FA72,🩲,briefs
1FA73,🩳,shorts
1FA74,🩴,thong sandal
1FA75,🩵,light blue heart
1FA76,🩶,grey heart
1FA77,🩷,pink heart
1FA78,🩸,drop of blood
1FA79,🩹,adhesive bandage
1FA7A,🩺,stethoscope
1FA7B,🩻,x-ray
1FA7C,🩼,crutch
1FA80,🪀,yo-yo
1FA81,🪁,kite
1FA82,🪂,parachute
1FA83,🪃,boomerang
1FA84,🪄,magic wand
1FA85,🪅,piñata
1FA86,🪆,nesting dolls
1FA87,🪇,maracas
1FA88,🪈,flute
1FA89,🪉,harp
1FA8A,🪊,trombone
1FA8E,🪎,treasure chest
1FA8F,🪏,shovel
1FA90,🪐,ringed planet
1FA91,🪑,chair
1FA92,🪒,razor
1FA93,🪓,axe
1FA94,🪔,diya lamp
1FA95,🪕,banjo
1FA96,🪖,military helmet
1FA97,🪗,accordion
1FA98,🪘,long drum
1FA99,🪙,coin
1FA9A,🪚,carpentry saw
1FA9B,🪛,screwdriver
1FA9C,🪜,ladder
1FA9D,🪝,hook
1FA9E,🪞,mirror
1FA9F,🪟,window
1FAA0,🪠,plunger
1FAA1,🪡,sewing needle
1FAA2,🪢,knot
1FAA3,🪣,bucket
1FAA4,🪤,mouse trap
1FAA5,🪥,toothbrush
1FAA6,🪦,headstone
1FAA7,🪧,placard
1FAA8,🪨,rock
1FAA9,🪩,mirror ball
1FAAA,🪪,identification card
1FAAB,🪫,low battery
1FAAC,🪬,hamsa
1FAAD,🪭,folding hand fan
1FAAE,🪮,hair pick
1FAAF,🪯,khanda
1FAB0,🪰,fly
1FAB1,🪱,worm
1FAB2,🪲,beetle
1FAB3,🪳,cockroach
1FAB4,🪴,potted plant
1FAB5,🪵,wood
1FAB6,🪶,feather
1FAB7,🪷,lotus
1FAB8,🪸,coral
1FAB9,🪹,empty nest
1FABA,🪺,nest with eggs
1FABB,🪻,hyacinth
1FABC,🪼,jellyfish
1FABD,🪽,wing
1FABE,🪾,leafless tree
1FABF,🪿,goose
1FAC0,🫀,anatomical heart
1FAC1,🫁,lungs
1FAC2,🫂,people hugging
1FAC3,🫃,pregnant man
1FAC4,🫄,pregnant person
1FAC5,🫅,person with crown
1FAC6,🫆,fingerprint
1FAC8,🫈,hairy creature
1FACD,🫍,orca
1FACE,🫎,moose
1FACF,🫏,donkey
1FAD0,🫐,blueberries
1FAD1,🫑,bell pepper
1FAD2,🫒,olive
1FAD3,🫓,flatbread
1FAD4,🫔,tamale
1FAD5,🫕,fondue
1FAD6,🫖,teapot
1FAD7,🫗,pouring liquid
1FAD8,🫘,beans
1FAD9,🫙,jar
1FADA,🫚,ginger root
1FADB,🫛,pea pod
1FADC,🫜,root vegetable
1FADD,🫝,pickle
1FADF,🫟,splatter
1FAE0,🫠,melting face
1FAE1,🫡,saluting face
1FAE2,🫢,face with open eyes and hand over mouth
1FAE3,🫣,face with peeking eye
1FAE4,🫤,face with diagonal mouth
1FAE5,🫥,dotted line face
1FAE6,🫦,biting lip
1FAE7,🫧,bubbles
1FAE8,🫨,shaking face
1FAE9,🫩,face with bags under eyes
1FAEA,🫪,distorted face
1FAEF,🫯,fight cloud
1FAF0,🫰,hand with index finger and thumb crossed
1FAF1,🫱,rightwards hand
1FAF2,🫲,leftwards hand
1FAF3,🫳,palm down hand
1FAF4,🫴,palm up hand
1FAF5,🫵,index pointing at the viewer
1FAF6,🫶,heart hands
1FAF7,🫷,leftwards pushing hand
1FAF8,🫸,rightwards pushing hand
